municipio_id,municipio,template_name_size,template,cluster_id,cluster_size,cluster_rank,cluster_n_portais
176,Alvorada de Minas,Síntese Tecnologia e Informática (88),Síntese Tecnologia e Informática,5,88,1.0,88.0
759,Aricanduva,Síntese Tecnologia e Informática (88),Síntese Tecnologia e Informática,5,88,1.0,88.0
726,Augusto de Lima,Síntese Tecnologia e Informática (88),Síntese Tecnologia e Informática,5,88,1.0,88.0
666,Berilo,Síntese Tecnologia e Informática (88),Síntese Tecnologia e Informática,5,88,1.0,88.0
148,Bocaiúva,Síntese Tecnologia e Informática (88),Síntese Tecnologia e Informática,5,88,1.0,88.0
729,Bonito de Minas,Síntese Tecnologia e Informática (88),Síntese Tecnologia e Informática,5,88,1.0,88.0
5,Brasília de Minas,Síntese Tecnologia e Informática (88),Síntese Tecnologia e Informática,5,88,1.0,88.0
291,Cachoeira de Pajeú,Síntese Tecnologia e Informática (88),Síntese Tecnologia e Informática,5,88,1.0,88.0
256,Capelinha,Síntese Tecnologia e Informática (88),Síntese Tecnologia e Informática,5,88,1.0,88.0
584,Capitão Enéas,Síntese Tecnologia e Informática (88),Síntese Tecnologia e Informática,5,88,1.0,88.0
126,Catuti,Síntese Tecnologia e Informática (88),Síntese Tecnologia e Informática,5,88,1.0,88.0
824,Chapada Gaúcha,Síntese Tecnologia e Informática (88),Síntese Tecnologia e Informática,5,88,1.0,88.0
53,Claro dos Poções,Síntese Tecnologia e Informática (88),Síntese Tecnologia e Informática,5,88,1.0,88.0
733,Coluna,Síntese Tecnologia e Informática (88),Síntese Tecnologia e Informática,5,88,1.0,88.0
768,Coração de Jesus,Síntese Tecnologia e Informática (88),Síntese Tecnologia e Informática,5,88,1.0,88.0
353,Couto de Magalhães de Minas,Síntese Tecnologia e Informática (88),Síntese Tecnologia e Informática,5,88,1.0,88.0
152,Cristália,Síntese Tecnologia e Informática (88),Síntese Tecnologia e Informática,5,88,1.0,88.0
816,Curral de Dentro,Síntese Tecnologia e Informática (88),Síntese Tecnologia e Informática,5,88,1.0,88.0
706,Datas,Síntese Tecnologia e Informática (88),Síntese Tecnologia e Informática,5,88,1.0,88.0
396,Divisa Alegre,Síntese Tecnologia e Informática (88),Síntese Tecnologia e Informática,5,88,1.0,88.0
51,Divisópolis,Síntese Tecnologia e Informática (88),Síntese Tecnologia e Informática,5,88,1.0,88.0
95,Dores de Guanhães,Síntese Tecnologia e Informática (88),Síntese Tecnologia e Informática,5,88,1.0,88.0
520,Engenheiro Navarro,Síntese Tecnologia e Informática (88),Síntese Tecnologia e Informática,5,88,1.0,88.0
242,Espinosa,Síntese Tecnologia e Informática (88),Síntese Tecnologia e Informática,5,88,1.0,88.0
179,Felício dos Santos,Síntese Tecnologia e Informática (88),Síntese Tecnologia e Informática,5,88,1.0,88.0
272,Francisco Badaró,Síntese Tecnologia e Informática (88),Síntese Tecnologia e Informática,5,88,1.0,88.0
351,Francisco Sá,Síntese Tecnologia e Informática (88),Síntese Tecnologia e Informática,5,88,1.0,88.0
420,Frei Lagonegro,Síntese Tecnologia e Informática (88),Síntese Tecnologia e Informática,5,88,1.0,88.0
598,Fruta de Leite,Síntese Tecnologia e Informática (88),Síntese Tecnologia e Informática,5,88,1.0,88.0
286,Gameleiras,Síntese Tecnologia e Informática (88),Síntese Tecnologia e Informática,5,88,1.0,88.0
432,Glaucilândia,Síntese Tecnologia e Informática (88),Síntese Tecnologia e Informática,5,88,1.0,88.0
168,Gouveia,Síntese Tecnologia e Informática (88),Síntese Tecnologia e Informática,5,88,1.0,88.0
379,Guaraciama,Síntese Tecnologia e Informática (88),Síntese Tecnologia e Informática,5,88,1.0,88.0
818,Ibiaí,Síntese Tecnologia e Informática (88),Síntese Tecnologia e Informática,5,88,1.0,88.0
633,Indaiabira,Síntese Tecnologia e Informática (88),Síntese Tecnologia e Informática,5,88,1.0,88.0
805,Itacambira,Síntese Tecnologia e Informática (88),Síntese Tecnologia e Informática,5,88,1.0,88.0
8,Itacarambi,Síntese Tecnologia e Informática (88),Síntese Tecnologia e Informática,5,88,1.0,88.0
153,Itamarandiba,Síntese Tecnologia e Informática (88),Síntese Tecnologia e Informática,5,88,1.0,88.0
658,Itinga,Síntese Tecnologia e Informática (88),Síntese Tecnologia e Informática,5,88,1.0,88.0
294,Janaúba,Síntese Tecnologia e Informática (88),Síntese Tecnologia e Informática,5,88,1.0,88.0
284,Jaíba,Síntese Tecnologia e Informática (88),Síntese Tecnologia e Informática,5,88,1.0,88.0
557,Jenipapo de Minas,Síntese Tecnologia e Informática (88),Síntese Tecnologia e Informática,5,88,1.0,88.0
161,Jequitaí,Síntese Tecnologia e Informática (88),Síntese Tecnologia e Informática,5,88,1.0,88.0
719,Joaquim Felício,Síntese Tecnologia e Informática (88),Síntese Tecnologia e Informática,5,88,1.0,88.0
315,Josenópolis,Síntese Tecnologia e Informática (88),Síntese Tecnologia e Informática,5,88,1.0,88.0
137,Juramento,Síntese Tecnologia e Informática (88),Síntese Tecnologia e Informática,5,88,1.0,88.0
498,Ladainha,Síntese Tecnologia e Informática (88),Síntese Tecnologia e Informática,5,88,1.0,88.0
235,Lontra,Síntese Tecnologia e Informática (88),Síntese Tecnologia e Informática,5,88,1.0,88.0
483,Mamonas,Síntese Tecnologia e Informática (88),Síntese Tecnologia e Informática,5,88,1.0,88.0
618,Manga,Síntese Tecnologia e Informática (88),Síntese Tecnologia e Informática,5,88,1.0,88.0
138,Mata Verde,Síntese Tecnologia e Informática (88),Síntese Tecnologia e Informática,5,88,1.0,88.0
438,Materlândia,Síntese Tecnologia e Informática (88),Síntese Tecnologia e Informática,5,88,1.0,88.0
265,Mato Verde,Síntese Tecnologia e Informática (88),Síntese Tecnologia e Informática,5,88,1.0,88.0
812,Mirabela,Síntese Tecnologia e Informática (88),Síntese Tecnologia e Informática,5,88,1.0,88.0
312,Miravânia,Síntese Tecnologia e Informática (88),Síntese Tecnologia e Informática,5,88,1.0,88.0
632,Monte Azul,Síntese Tecnologia e Informática (88),Síntese Tecnologia e Informática,5,88,1.0,88.0
508,Montezuma,Síntese Tecnologia e Informática (88),Síntese Tecnologia e Informática,5,88,1.0,88.0
377,Mário Campos,Síntese Tecnologia e Informática (88),Síntese Tecnologia e Informática,5,88,1.0,88.0
231,Nova Porteirinha,Síntese Tecnologia e Informática (88),Síntese Tecnologia e Informática,5,88,1.0,88.0
362,Novo Cruzeiro,Síntese Tecnologia e Informática (88),Síntese Tecnologia e Informática,5,88,1.0,88.0
561,Novorizonte,Síntese Tecnologia e Informática (88),Síntese Tecnologia e Informática,5,88,1.0,88.0
709,Padre Carvalho,Síntese Tecnologia e Informática (88),Síntese Tecnologia e Informática,5,88,1.0,88.0
560,Pai Pedro,Síntese Tecnologia e Informática (88),Síntese Tecnologia e Informática,5,88,1.0,88.0
582,Patis,Síntese Tecnologia e Informática (88),Síntese Tecnologia e Informática,5,88,1.0,88.0
673,Pedra Azul,Síntese Tecnologia e Informática (88),Síntese Tecnologia e Informática,5,88,1.0,88.0
183,Pintópolis,Síntese Tecnologia e Informática (88),Síntese Tecnologia e Informática,5,88,1.0,88.0
645,Ponto Chique,Síntese Tecnologia e Informática (88),Síntese Tecnologia e Informática,5,88,1.0,88.0
208,Presidente Kubitschek,Síntese Tecnologia e Informática (88),Síntese Tecnologia e Informática,5,88,1.0,88.0
145,Rio Pardo de Minas,Síntese Tecnologia e Informática (88),Síntese Tecnologia e Informática,5,88,1.0,88.0
665,Santa Cruz de Salinas,Síntese Tecnologia e Informática (88),Síntese Tecnologia e Informática,5,88,1.0,88.0
578,Santana do Riacho,Síntese Tecnologia e Informática (88),Síntese Tecnologia e Informática,5,88,1.0,88.0
449,Santo Antônio do Retiro,Síntese Tecnologia e Informática (88),Síntese Tecnologia e Informática,5,88,1.0,88.0
639,Santo Hipólito,Síntese Tecnologia e Informática (88),Síntese Tecnologia e Informática,5,88,1.0,88.0
779,Senador Modestino Gonçalves,Síntese Tecnologia e Informática (88),Síntese Tecnologia e Informática,5,88,1.0,88.0
144,Serra Azul de Minas,Síntese Tecnologia e Informática (88),Síntese Tecnologia e Informática,5,88,1.0,88.0
365,Setubinha,Síntese Tecnologia e Informática (88),Síntese Tecnologia e Informática,5,88,1.0,88.0
275,São Gonçalo do Rio Preto,Síntese Tecnologia e Informática (88),Síntese Tecnologia e Informática,5,88,1.0,88.0
140,São João da Lagoa,Síntese Tecnologia e Informática (88),Síntese Tecnologia e Informática,5,88,1.0,88.0
429,São João das Missões,Síntese Tecnologia e Informática (88),Síntese Tecnologia e Informática,5,88,1.0,88.0
428,São João do Pacuí,Síntese Tecnologia e Informática (88),Síntese Tecnologia e Informática,5,88,1.0,88.0
50,São Romão,Síntese Tecnologia e Informática (88),Síntese Tecnologia e Informática,5,88,1.0,88.0
593,Turmalina,Síntese Tecnologia e Informática (88),Síntese Tecnologia e Informática,5,88,1.0,88.0
725,Vargem Grande do Rio Pardo,Síntese Tecnologia e Informática (88),Síntese Tecnologia e Informática,5,88,1.0,88.0
172,Veredinha,Síntese Tecnologia e Informática (88),Síntese Tecnologia e Informática,5,88,1.0,88.0
124,Virgem da Lapa,Síntese Tecnologia e Informática (88),Síntese Tecnologia e Informática,5,88,1.0,88.0
727,Várzea da Palma,Síntese Tecnologia e Informática (88),Síntese Tecnologia e Informática,5,88,1.0,88.0
307,Água Boa,Síntese Tecnologia e Informática (88),Síntese Tecnologia e Informática,5,88,1.0,88.0
306,Águas Vermelhas,Síntese Tecnologia e Informática (88),Síntese Tecnologia e Informática,5,88,1.0,88.0
398,Antônio Prado de Minas,Memory (66),Memory,7,66,2.0,66.0
723,Araçaí,Memory (66),Memory,7,66,2.0,66.0
688,Araújos,Memory (66),Memory,7,66,2.0,66.0
407,Bonfinópolis de Minas,Memory (66),Memory,7,66,2.0,66.0
531,Brasilândia de Minas,Memory (66),Memory,7,66,2.0,66.0
349,Buenópolis,Memory (66),Memory,7,66,2.0,66.0
317,Cachoeira da Prata,Memory (66),Memory,7,66,2.0,66.0
777,Caetanópolis,Memory (66),Memory,7,66,2.0,66.0
111,Campestre,Memory (66),Memory,7,66,2.0,66.0
373,Capela Nova,Memory (66),Memory,7,66,2.0,66.0
39,Carlos Chagas,Memory (66),Memory,7,66,2.0,66.0
529,Chalé,Memory (66),Memory,7,66,2.0,66.0
782,Conceição do Mato Dentro,Memory (66),Memory,7,66,2.0,66.0
12,Corinto,Memory (66),Memory,7,66,2.0,66.0
281,Córrego Danta,Memory (66),Memory,7,66,2.0,66.0
558,Córrego Fundo,Memory (66),Memory,7,66,2.0,66.0
354,Desterro de Entre Rios,Memory (66),Memory,7,66,2.0,66.0
7,Desterro do Melo,Memory (66),Memory,7,66,2.0,66.0
331,Dom Bosco,Memory (66),Memory,7,66,2.0,66.0
262,Dom Joaquim,Memory (66),Memory,7,66,2.0,66.0
418,Doresópolis,Memory (66),Memory,7,66,2.0,66.0
523,Felisburgo,Memory (66),Memory,7,66,2.0,66.0
525,Fortuna de Minas,Memory (66),Memory,7,66,2.0,66.0
271,Funilândia,Memory (66),Memory,7,66,2.0,66.0
224,Ibiá,Memory (66),Memory,7,66,2.0,66.0
775,Iguatama,Memory (66),Memory,7,66,2.0,66.0
595,Ipanema,Memory (66),Memory,7,66,2.0,66.0
340,Jequitinhonha,Memory (66),Memory,7,66,2.0,66.0
376,Joaíma,Memory (66),Memory,7,66,2.0,66.0
572,José Raydan,Memory (66),Memory,7,66,2.0,66.0
34,Lagamar,Memory (66),Memory,7,66,2.0,66.0
78,Manhumirim,Memory (66),Memory,7,66,2.0,66.0
478,Martinho Campos,Memory (66),Memory,7,66,2.0,66.0
659,Matias Cardoso,Memory (66),Memory,7,66,2.0,66.0
826,Matozinhos,Memory (66),Memory,7,66,2.0,66.0
638,Medeiros,Memory (66),Memory,7,66,2.0,66.0
562,Monjolos,Memory (66),Memory,7,66,2.0,66.0
718,Morada Nova de Minas,Memory (66),Memory,7,66,2.0,66.0
685,Morro da Garça,Memory (66),Memory,7,66,2.0,66.0
228,Mutum,Memory (66),Memory,7,66,2.0,66.0
120,Onça de Pitangui,Memory (66),Memory,7,66,2.0,66.0
61,Pains,Memory (66),Memory,7,66,2.0,66.0
107,Papagaios,Memory (66),Memory,7,66,2.0,66.0
545,Pedra do Indaiá,Memory (66),Memory,7,66,2.0,66.0
75,Perdigão,Memory (66),Memory,7,66,2.0,66.0
76,Perdões,Memory (66),Memory,7,66,2.0,66.0
624,Pitangui,Memory (66),Memory,7,66,2.0,66.0
526,Piumhi,Memory (66),Memory,7,66,2.0,66.0
568,Porteirinha,Memory (66),Memory,7,66,2.0,66.0
173,Presidente Olegário,Memory (66),Memory,7,66,2.0,66.0
216,Prudente de Morais,Memory (66),Memory,7,66,2.0,66.0
797,Riachinho,Memory (66),Memory,7,66,2.0,66.0
660,Ribeirão Vermelho,Memory (66),Memory,7,66,2.0,66.0
186,Rubelita,Memory (66),Memory,7,66,2.0,66.0
430,Salinas,Memory (66),Memory,7,66,2.0,66.0
569,Santa Margarida,Memory (66),Memory,7,66,2.0,66.0
360,Santa Maria do Salto,Memory (66),Memory,7,66,2.0,66.0
694,Santa Rosa da Serra,Memory (66),Memory,7,66,2.0,66.0
507,Santana de Pirapama,Memory (66),Memory,7,66,2.0,66.0
149,Santo Antônio do Rio Abaixo,Memory (66),Memory,7,66,2.0,66.0
264,Serranópolis de Minas,Memory (66),Memory,7,66,2.0,66.0
540,São José da Varginha,Memory (66),Memory,7,66,2.0,66.0
691,Taparuba,Memory (66),Memory,7,66,2.0,66.0
65,Uruana de Minas,Memory (66),Memory,7,66,2.0,66.0
80,Vargem Bonita,Memory (66),Memory,7,66,2.0,66.0
392,Vieiras,Memory (66),Memory,7,66,2.0,66.0
744,Abre Campo,Portaltp (61),Portaltp,17,61,4.0,61.0
760,Almenara,Portaltp (61),Portaltp,17,61,4.0,61.0
166,Berizal,Portaltp (61),Portaltp,17,61,4.0,61.0
789,Caiana,Portaltp (61),Portaltp,17,61,4.0,61.0
722,Caldas,Portaltp (61),Portaltp,17,61,4.0,61.0
18,Caparaó,Portaltp (61),Portaltp,17,61,4.0,61.0
194,Carbonita,Portaltp (61),Portaltp,17,61,4.0,61.0
369,Central de Minas,Portaltp (61),Portaltp,17,61,4.0,61.0
675,Congonhas do Norte,Portaltp (61),Portaltp,17,61,4.0,61.0
687,Cordisburgo,Portaltp (61),Portaltp,17,61,4.0,61.0
133,Divino das Laranjeiras,Portaltp (61),Portaltp,17,61,4.0,61.0
266,Espera Feliz,Portaltp (61),Portaltp,17,61,4.0,61.0
592,Extrema,Portaltp (61),Portaltp,17,61,4.0,61.0
580,Faria Lemos,Portaltp (61),Portaltp,17,61,4.0,61.0
753,Fortaleza de Minas,Portaltp (61),Portaltp,17,61,4.0,61.0
239,Galiléia,Portaltp (61),Portaltp,17,61,4.0,61.0
414,Gonzaga,Portaltp (61),Portaltp,17,61,4.0,61.0
455,Itambacuri,Portaltp (61),Portaltp,17,61,4.0,61.0
405,Jaboticatubas,Portaltp (61),Portaltp,17,61,4.0,61.0
780,Jacinto,Portaltp (61),Portaltp,17,61,4.0,61.0
612,Jampruca,Portaltp (61),Portaltp,17,61,4.0,61.0
647,Januária,Portaltp (61),Portaltp,17,61,4.0,61.0
226,José Gonçalves de Minas,Portaltp (61),Portaltp,17,61,4.0,61.0
93,João Monlevade,Portaltp (61),Portaltp,17,61,4.0,61.0
516,Lajinha,Portaltp (61),Portaltp,17,61,4.0,61.0
361,Liberdade,Portaltp (61),Portaltp,17,61,4.0,61.0
652,Manhuaçu,Portaltp (61),Portaltp,17,61,4.0,61.0
204,Martins Soares,Portaltp (61),Portaltp,17,61,4.0,61.0
116,Moeda,Portaltp (61),Portaltp,17,61,4.0,61.0
794,Montalvânia,Portaltp (61),Portaltp,17,61,4.0,61.0
646,Morro do Pilar,Portaltp (61),Portaltp,17,61,4.0,61.0
339,Nacip Raydan,Portaltp (61),Portaltp,17,61,4.0,61.0
700,Nanuque,Portaltp (61),Portaltp,17,61,4.0,61.0
234,Ninheira,Portaltp (61),Portaltp,17,61,4.0,61.0
617,Nova Resende,Portaltp (61),Portaltp,17,61,4.0,61.0
737,Palmópolis,Portaltp (61),Portaltp,17,61,4.0,61.0
664,Poté,Portaltp (61),Portaltp,17,61,4.0,61.0
793,Presidente Juscelino,Portaltp (61),Portaltp,17,61,4.0,61.0
743,Rio Piracicaba,Portaltp (61),Portaltp,17,61,4.0,61.0
300,Rio do Prado,Portaltp (61),Portaltp,17,61,4.0,61.0
404,Rubim,Portaltp (61),Portaltp,17,61,4.0,61.0
245,Santa Bárbara do Leste,Portaltp (61),Portaltp,17,61,4.0,61.0
83,Santa Rita de Minas,Portaltp (61),Portaltp,17,61,4.0,61.0
17,Santa Rita do Itueto,Portaltp (61),Portaltp,17,61,4.0,61.0
600,Santana do Manhuaçu,Portaltp (61),Portaltp,17,61,4.0,61.0
473,Senhora do Porto,Portaltp (61),Portaltp,17,61,4.0,61.0
122,São Domingos do Prata,Portaltp (61),Portaltp,17,61,4.0,61.0
213,São Francisco do Glória,Portaltp (61),Portaltp,17,61,4.0,61.0
831,São Félix de Minas,Portaltp (61),Portaltp,17,61,4.0,61.0
680,São Geraldo da Piedade,Portaltp (61),Portaltp,17,61,4.0,61.0
199,São Geraldo do Baixio,Portaltp (61),Portaltp,17,61,4.0,61.0
108,São José da Safira,Portaltp (61),Portaltp,17,61,4.0,61.0
372,São José do Divino,Portaltp (61),Portaltp,17,61,4.0,61.0
219,São João do Manteninha,Portaltp (61),Portaltp,17,61,4.0,61.0
157,São João do Paraíso,Portaltp (61),Portaltp,17,61,4.0,61.0
113,São Pedro dos Ferros,Portaltp (61),Portaltp,17,61,4.0,61.0
41,Taiobeiras,Portaltp (61),Portaltp,17,61,4.0,61.0
803,Três Corações,Portaltp (61),Portaltp,17,61,4.0,61.0
444,Vargem Alegre,Portaltp (61),Portaltp,17,61,4.0,61.0
212,Virgolândia,Portaltp (61),Portaltp,17,61,4.0,61.0
164,Águas Formosas,Portaltp (61),Portaltp,17,61,4.0,61.0
155,Aiuruoca,Siplanweb (61),Siplanweb,1,61,3.0,61.0
202,Amparo do Serra,Siplanweb (61),Siplanweb,1,61,3.0,61.0
246,Andrelândia,Siplanweb (61),Siplanweb,1,61,3.0,61.0
171,Aracitaba,Siplanweb (61),Siplanweb,1,61,3.0,61.0
468,Arantina,Siplanweb (61),Siplanweb,1,61,3.0,61.0
704,Astolfo Dutra,Siplanweb (61),Siplanweb,1,61,3.0,61.0
142,Barra Longa,Siplanweb (61),Siplanweb,1,61,3.0,61.0
223,Belmiro Braga,Siplanweb (61),Siplanweb,1,61,3.0,61.0
799,Bias Fortes,Siplanweb (61),Siplanweb,1,61,3.0,61.0
690,Bocaina de Minas,Siplanweb (61),Siplanweb,1,61,3.0,61.0
655,Bom Jardim de Minas,Siplanweb (61),Siplanweb,1,61,3.0,61.0
650,Brás Pires,Siplanweb (61),Siplanweb,1,61,3.0,61.0
745,Canaã,Siplanweb (61),Siplanweb,1,61,3.0,61.0
278,Carmo de Minas,Siplanweb (61),Siplanweb,1,61,3.0,61.0
546,Chiador,Siplanweb (61),Siplanweb,1,61,3.0,61.0
738,Chácara,Siplanweb (61),Siplanweb,1,61,3.0,61.0
52,Cipotânea,Siplanweb (61),Siplanweb,1,61,3.0,61.0
150,Coimbra,Siplanweb (61),Siplanweb,1,61,3.0,61.0
511,Coronel Pacheco,Siplanweb (61),Siplanweb,1,61,3.0,61.0
751,Cristina,Siplanweb (61),Siplanweb,1,61,3.0,61.0
808,Cruzília,Siplanweb (61),Siplanweb,1,61,3.0,61.0
182,Diogo de Vasconcelos,Siplanweb (61),Siplanweb,1,61,3.0,61.0
129,Dom Viçoso,Siplanweb (61),Siplanweb,1,61,3.0,61.0
324,Estrela Dalva,Siplanweb (61),Siplanweb,1,61,3.0,61.0
247,Ewbank da Câmara,Siplanweb (61),Siplanweb,1,61,3.0,61.0
251,Fervedouro,Siplanweb (61),Siplanweb,1,61,3.0,61.0
615,Guarani,Siplanweb (61),Siplanweb,1,61,3.0,61.0
663,Guarará,Siplanweb (61),Siplanweb,1,61,3.0,61.0
820,Ibertioga,Siplanweb (61),Siplanweb,1,61,3.0,61.0
252,Lamim,Siplanweb (61),Siplanweb,1,61,3.0,61.0
192,Laranjal,Siplanweb (61),Siplanweb,1,61,3.0,61.0
333,Lima Duarte,Siplanweb (61),Siplanweb,1,61,3.0,61.0
303,Madre de Deus de Minas,Siplanweb (61),Siplanweb,1,61,3.0,61.0
422,Maripá de Minas,Siplanweb (61),Siplanweb,1,61,3.0,61.0
497,Mercês,Siplanweb (61),Siplanweb,1,61,3.0,61.0
279,Minduri,Siplanweb (61),Siplanweb,1,61,3.0,61.0
394,Miraí,Siplanweb (61),Siplanweb,1,61,3.0,61.0
214,Olaria,Siplanweb (61),Siplanweb,1,61,3.0,61.0
817,Oratórios,Siplanweb (61),Siplanweb,1,61,3.0,61.0
521,Passa Vinte,Siplanweb (61),Siplanweb,1,61,3.0,61.0
123,Paula Cândido,Siplanweb (61),Siplanweb,1,61,3.0,61.0
44,Pedro Teixeira,Siplanweb (61),Siplanweb,1,61,3.0,61.0
101,Piau,Siplanweb (61),Siplanweb,1,61,3.0,61.0
767,Piranga,Siplanweb (61),Siplanweb,1,61,3.0,61.0
240,Rio Espera,Siplanweb (61),Siplanweb,1,61,3.0,61.0
1,Rio Novo,Siplanweb (61),Siplanweb,1,61,3.0,61.0
48,Rio Preto,Siplanweb (61),Siplanweb,1,61,3.0,61.0
258,Rochedo de Minas,Siplanweb (61),Siplanweb,1,61,3.0,61.0
31,Santa Rita de Ibitipoca,Siplanweb (61),Siplanweb,1,61,3.0,61.0
787,Santana do Garambéu,Siplanweb (61),Siplanweb,1,61,3.0,61.0
151,Senador Cortes,Siplanweb (61),Siplanweb,1,61,3.0,61.0
389,Senador Firmino,Siplanweb (61),Siplanweb,1,61,3.0,61.0
358,Senhora de Oliveira,Siplanweb (61),Siplanweb,1,61,3.0,61.0
287,Senhora dos Remédios,Siplanweb (61),Siplanweb,1,61,3.0,61.0
693,Seritinga,Siplanweb (61),Siplanweb,1,61,3.0,61.0
522,Simão Pereira,Siplanweb (61),Siplanweb,1,61,3.0,61.0
701,São Lourenço,Siplanweb (61),Siplanweb,1,61,3.0,61.0
575,Tabuleiro,Siplanweb (61),Siplanweb,1,61,3.0,61.0
762,Teixeiras,Siplanweb (61),Siplanweb,1,61,3.0,61.0
313,Toledo,Siplanweb (61),Siplanweb,1,61,3.0,61.0
556,Volta Grande,Siplanweb (61),Siplanweb,1,61,3.0,61.0
232,Acaiaca,Portal Fácil (60),Portal Fácil,6,60,5.0,60.0
350,Aimorés,Portal Fácil (60),Portal Fácil,6,60,5.0,60.0
443,Alvarenga,Portal Fácil (60),Portal Fácil,6,60,5.0,60.0
599,Angelândia,Portal Fácil (60),Portal Fácil,6,60,5.0,60.0
82,Antônio Dias,Portal Fácil (60),Portal Fácil,6,60,5.0,60.0
643,Araçuaí,Portal Fácil (60),Portal Fácil,6,60,5.0,60.0
308,Argirita,Portal Fácil (60),Portal Fácil,6,60,5.0,60.0
630,Barão de Cocais,Portal Fácil (60),Portal Fácil,6,60,5.0,60.0
667,Bela Vista de Minas,Portal Fácil (60),Portal Fácil,6,60,5.0,60.0
236,Belo Oriente,Portal Fácil (60),Portal Fácil,6,60,5.0,60.0
736,Bicas,Portal Fácil (60),Portal Fácil,6,60,5.0,60.0
695,Bom Jesus do Galho,Portal Fácil (60),Portal Fácil,6,60,5.0,60.0
67,Bugre,Portal Fácil (60),Portal Fácil,6,60,5.0,60.0
382,Cajuri,Portal Fácil (60),Portal Fácil,6,60,5.0,60.0
62,Cambuí,Portal Fácil (60),Portal Fácil,6,60,5.0,60.0
672,Capetinga,Portal Fácil (60),Portal Fácil,6,60,5.0,60.0
205,Conceição de Ipanema,Portal Fácil (60),Portal Fácil,6,60,5.0,60.0
452,Cássia,Portal Fácil (60),Portal Fácil,6,60,5.0,60.0
132,Córrego Novo,Portal Fácil (60),Portal Fácil,6,60,5.0,60.0
218,Dionísio,Portal Fácil (60),Portal Fácil,6,60,5.0,60.0
544,Dom Cavati,Portal Fácil (60),Portal Fácil,6,60,5.0,60.0
773,Engenheiro Caldas,Portal Fácil (60),Portal Fácil,6,60,5.0,60.0
728,Fernandes Tourinho,Portal Fácil (60),Portal Fácil,6,60,5.0,60.0
720,Guapé,Portal Fácil (60),Portal Fácil,6,60,5.0,60.0
338,Inhapim,Portal Fácil (60),Portal Fácil,6,60,5.0,60.0
755,Ipaba,Portal Fácil (60),Portal Fácil,6,60,5.0,60.0
825,Itaobim,Portal Fácil (60),Portal Fácil,6,60,5.0,60.0
594,Jaguaraçu,Portal Fácil (60),Portal Fácil,6,60,5.0,60.0
549,Joanésia,Portal Fácil (60),Portal Fácil,6,60,5.0,60.0
119,Machado,Portal Fácil (60),Portal Fácil,6,60,5.0,60.0
735,Maravilhas,Portal Fácil (60),Portal Fácil,6,60,5.0,60.0
822,Medina,Portal Fácil (60),Portal Fácil,6,60,5.0,60.0
705,Mesquita,Portal Fácil (60),Portal Fácil,6,60,5.0,60.0
823,Monte Formoso,Portal Fácil (60),Portal Fácil,6,60,5.0,60.0
732,Naque,Portal Fácil (60),Portal Fácil,6,60,5.0,60.0
357,Nova Serrana,Portal Fácil (60),Portal Fácil,6,60,5.0,60.0
642,Orizânia,Portal Fácil (60),Portal Fácil,6,60,5.0,60.0
368,Paiva,Portal Fácil (60),Portal Fácil,6,60,5.0,60.0
243,Palma,Portal Fácil (60),Portal Fácil,6,60,5.0,60.0
548,Peçanha,Portal Fácil (60),Portal Fácil,6,60,5.0,60.0
73,Piedade de Caratinga,Portal Fácil (60),Portal Fácil,6,60,5.0,60.0
77,Pingo-d'Água,Portal Fácil (60),Portal Fácil,6,60,5.0,60.0
304,Piracema,Portal Fácil (60),Portal Fácil,6,60,5.0,60.0
696,Pompéu,Portal Fácil (60),Portal Fácil,6,60,5.0,60.0
22,Ponto dos Volantes,Portal Fácil (60),Portal Fácil,6,60,5.0,60.0
10,Raul Soares,Portal Fácil (60),Portal Fácil,6,60,5.0,60.0
681,Sabinópolis,Portal Fácil (60),Portal Fácil,6,60,5.0,60.0
316,Salto da Divisa,Portal Fácil (60),Portal Fácil,6,60,5.0,60.0
25,Santa Maria de Itabira,Portal Fácil (60),Portal Fácil,6,60,5.0,60.0
434,Sete Lagoas,Portal Fácil (60),Portal Fácil,6,60,5.0,60.0
198,São Gonçalo do Pará,Portal Fácil (60),Portal Fácil,6,60,5.0,60.0
337,São José do Mantimento,Portal Fácil (60),Portal Fácil,6,60,5.0,60.0
710,São João Nepomuceno,Portal Fácil (60),Portal Fácil,6,60,5.0,60.0
567,São João do Oriente,Portal Fácil (60),Portal Fácil,6,60,5.0,60.0
715,São Tomás de Aquino,Portal Fácil (60),Portal Fácil,6,60,5.0,60.0
330,Três Marias,Portal Fácil (60),Portal Fácil,6,60,5.0,60.0
86,Ubaporanga,Portal Fácil (60),Portal Fácil,6,60,5.0,60.0
412,Urucânia,Portal Fácil (60),Portal Fácil,6,60,5.0,60.0
6,Vermelho Novo,Portal Fácil (60),Portal Fácil,6,60,5.0,60.0
302,Viçosa,Portal Fácil (60),Portal Fácil,6,60,5.0,60.0
289,Alvinópolis,Portal Fácil (46),Portal Fácil,2,46,6.0,46.0
215,Araponga,Portal Fácil (46),Portal Fácil,2,46,6.0,46.0
464,Arceburgo,Portal Fácil (46),Portal Fácil,2,46,6.0,46.0
431,Bom Jesus da Penha,Portal Fácil (46),Portal Fácil,2,46,6.0,46.0
776,Bom Repouso,Portal Fácil (46),Portal Fácil,2,46,6.0,46.0
451,Borda da Mata,Portal Fácil (46),Portal Fácil,2,46,6.0,46.0
336,Cabo Verde,Portal Fácil (46),Portal Fácil,2,46,6.0,46.0
2,Cachoeira de Minas,Portal Fácil (46),Portal Fácil,2,46,6.0,46.0
332,Caputira,Portal Fácil (46),Portal Fácil,2,46,6.0,46.0
370,Carvalhópolis,Portal Fácil (46),Portal Fácil,2,46,6.0,46.0
96,Claraval,Portal Fácil (46),Portal Fácil,2,46,6.0,46.0
68,Córrego do Bom Jesus,Portal Fácil (46),Portal Fácil,2,46,6.0,46.0
104,Estiva,Portal Fácil (46),Portal Fácil,2,46,6.0,46.0
611,Guaraciaba,Portal Fácil (46),Portal Fácil,2,46,6.0,46.0
836,Guiricema,Portal Fácil (46),Portal Fácil,2,46,6.0,46.0
802,Heliodora,Portal Fácil (46),Portal Fácil,2,46,6.0,46.0
170,Imbé de Minas,Portal Fácil (46),Portal Fácil,2,46,6.0,46.0
682,Ipuiúna,Portal Fácil (46),Portal Fácil,2,46,6.0,46.0
381,Jacutinga,Portal Fácil (46),Portal Fácil,2,46,6.0,46.0
656,Jacuí,Portal Fácil (46),Portal Fácil,2,46,6.0,46.0
644,Marliéria,Portal Fácil (46),Portal Fácil,2,46,6.0,46.0
225,Matipó,Portal Fácil (46),Portal Fácil,2,46,6.0,46.0
786,Moema,Portal Fácil (46),Portal Fácil,2,46,6.0,46.0
571,Munhoz,Portal Fácil (46),Portal Fácil,2,46,6.0,46.0
399,Natércia,Portal Fácil (46),Portal Fácil,2,46,6.0,46.0
88,Ouro Fino,Portal Fácil (46),Portal Fácil,2,46,6.0,46.0
136,Paraisópolis,Portal Fácil (46),Portal Fácil,2,46,6.0,46.0
542,Passa Tempo,Portal Fácil (46),Portal Fácil,2,46,6.0,46.0
811,Patrocínio do Muriaé,Portal Fácil (46),Portal Fácil,2,46,6.0,46.0
800,Pedra Bonita,Portal Fácil (46),Portal Fácil,2,46,6.0,46.0
293,Pedra Dourada,Portal Fácil (46),Portal Fácil,2,46,6.0,46.0
54,Pedra do Anta,Portal Fácil (46),Portal Fácil,2,46,6.0,46.0
100,Piraúba,Portal Fácil (46),Portal Fácil,2,46,6.0,46.0
534,Santa Rita de Caldas,Portal Fácil (46),Portal Fácil,2,46,6.0,46.0
491,Santa Rita do Sapucaí,Portal Fácil (46),Portal Fácil,2,46,6.0,46.0
380,Santo Antônio do Grama,Portal Fácil (46),Portal Fácil,2,46,6.0,46.0
801,Sapucaí-Mirim,Portal Fácil (46),Portal Fácil,2,46,6.0,46.0
421,Senador José Bento,Portal Fácil (46),Portal Fácil,2,46,6.0,46.0
524,Sericita,Portal Fácil (46),Portal Fácil,2,46,6.0,46.0
463,Simonésia,Portal Fácil (46),Portal Fácil,2,46,6.0,46.0
500,São Domingos das Dores,Portal Fácil (46),Portal Fácil,2,46,6.0,46.0
731,São José do Goiabal,Portal Fácil (46),Portal Fácil,2,46,6.0,46.0
263,São Miguel do Anta,Portal Fácil (46),Portal Fácil,2,46,6.0,46.0
193,São Sebastião da Bela Vista,Portal Fácil (46),Portal Fácil,2,46,6.0,46.0
383,Tocos do Moji,Portal Fácil (46),Portal Fácil,2,46,6.0,46.0
423,Turvolândia,Portal Fácil (46),Portal Fácil,2,46,6.0,46.0
371,Alfredo Vasconcelos,PT (45),PT,46,45,7.0,45.0
761,Antônio Carlos,PT (45),PT,46,45,7.0,45.0
221,Barroso,PT (45),PT,46,45,7.0,45.0
480,Belo Vale,PT (45),PT,46,45,7.0,45.0
474,Caranaíba,PT (45),PT,46,45,7.0,45.0
471,Carandaí,PT (45),PT,46,45,7.0,45.0
323,Careaçu,PT (45),PT,46,45,7.0,45.0
487,Carrancas,PT (45),PT,46,45,7.0,45.0
699,Casa Grande,PT (45),PT,46,45,7.0,45.0
792,Catas Altas da Noruega,PT (45),PT,46,45,7.0,45.0
550,Conceição da Aparecida,PT (45),PT,46,45,7.0,45.0
689,Conceição da Barra de Minas,PT (45),PT,46,45,7.0,45.0
622,Conceição dos Ouros,PT (45),PT,46,45,7.0,45.0
671,Coronel Xavier Chaves,PT (45),PT,46,45,7.0,45.0
596,Descoberto,PT (45),PT,46,45,7.0,45.0
813,Dores de Campos,PT (45),PT,46,45,7.0,45.0
784,Entre Rios de Minas,PT (45),PT,46,45,7.0,45.0
143,Ervália,PT (45),PT,46,45,7.0,45.0
244,Ibituruna,PT (45),PT,46,45,7.0,45.0
565,Ingaí,PT (45),PT,46,45,7.0,45.0
282,Itumirim,PT (45),PT,46,45,7.0,45.0
461,Itutinga,PT (45),PT,46,45,7.0,45.0
804,Jeceaba,PT (45),PT,46,45,7.0,45.0
796,Lagoa Dourada,PT (45),PT,46,45,7.0,45.0
220,Luminárias,PT (45),PT,46,45,7.0,45.0
530,Nazareno,PT (45),PT,46,45,7.0,45.0
441,Piedade do Rio Grande,PT (45),PT,46,45,7.0,45.0
833,Prados,PT (45),PT,46,45,7.0,45.0
413,Queluzito,PT (45),PT,46,45,7.0,45.0
774,Resende Costa,PT (45),PT,46,45,7.0,45.0
393,Ressaquinha,PT (45),PT,46,45,7.0,45.0
328,Rio Acima,PT (45),PT,46,45,7.0,45.0
56,Ritápolis,PT (45),PT,46,45,7.0,45.0
533,Santa Bárbara do Tugúrio,PT (45),PT,46,45,7.0,45.0
268,Santa Cruz de Minas,PT (45),PT,46,45,7.0,45.0
806,Santana do Jacaré,PT (45),PT,46,45,7.0,45.0
46,Santana dos Montes,PT (45),PT,46,45,7.0,45.0
248,Silveirânia,PT (45),PT,46,45,7.0,45.0
674,São Brás do Suaçuí,PT (45),PT,46,45,7.0,45.0
756,São Geraldo,PT (45),PT,46,45,7.0,45.0
352,São João del Rei,PT (45),PT,46,45,7.0,45.0
346,São Tiago,PT (45),PT,46,45,7.0,45.0
329,São Vicente de Minas,PT (45),PT,46,45,7.0,45.0
752,Tiradentes,PT (45),PT,46,45,7.0,45.0
217,Visconde do Rio Branco,PT (45),PT,46,45,7.0,45.0
417,Ataléia,Template2 (28),Template2,4,28,8.0,28.0
579,Bandeira,Template2 (28),Template2,4,28,8.0,28.0
38,Bertópolis,Template2 (28),Template2,4,28,8.0,28.0
267,Cantagalo,Template2 (28),Template2,4,28,8.0,28.0
637,Caraí,Template2 (28),Template2,4,28,8.0,28.0
79,Chapada do Norte,Template2 (28),Template2,4,28,8.0,28.0
159,Coroaci,Template2 (28),Template2,4,28,8.0,28.0
117,Cuparaque,Template2 (28),Template2,4,28,8.0,28.0
181,Frei Gaspar,Template2 (28),Template2,4,28,8.0,28.0
58,Fronteira dos Vales,Template2 (28),Template2,4,28,8.0,28.0
453,Itabirinha,Template2 (28),Template2,4,28,8.0,28.0
509,Itaipé,Template2 (28),Template2,4,28,8.0,28.0
442,Jordânia,Template2 (28),Template2,4,28,8.0,28.0
467,Machacalis,Template2 (28),Template2,4,28,8.0,28.0
14,Marilac,Template2 (28),Template2,4,28,8.0,28.0
821,Novo Oriente de Minas,Template2 (28),Template2,4,28,8.0,28.0
657,Ouro Verde de Minas,Template2 (28),Template2,4,28,8.0,28.0
543,Padre Paraíso,Template2 (28),Template2,4,28,8.0,28.0
310,Pavão,Template2 (28),Template2,4,28,8.0,28.0
4,Periquito,Template2 (28),Template2,4,28,8.0,28.0
490,Pescador,Template2 (28),Template2,4,28,8.0,28.0
609,Santa Efigênia de Minas,Template2 (28),Template2,4,28,8.0,28.0
259,Santo Antônio do Jacinto,Template2 (28),Template2,4,28,8.0,28.0
191,Sardoá,Template2 (28),Template2,4,28,8.0,28.0
447,São João Evangelista,Template2 (28),Template2,4,28,8.0,28.0
299,São Sebastião do Maranhão,Template2 (28),Template2,4,28,8.0,28.0
448,Tumiritinga,Template2 (28),Template2,4,28,8.0,28.0
814,Umburatiba,Template2 (28),Template2,4,28,8.0,28.0
154,Andradas,GRP (27),GRP,90,27,9.0,27.0
90,Araguari,GRP (27),GRP,90,27,9.0,27.0
445,Cachoeira Dourada,GRP (27),GRP,90,27,9.0,27.0
185,Canápolis,GRP (27),GRP,90,27,9.0,27.0
395,Capinópolis,GRP (27),GRP,90,27,9.0,27.0
91,Carneirinho,GRP (27),GRP,90,27,9.0,27.0
229,Caxambu,GRP (27),GRP,90,27,9.0,27.0
606,Conquista,GRP (27),GRP,90,27,9.0,27.0
605,Coronel Fabriciano,GRP (27),GRP,90,27,9.0,27.0
757,Dores do Indaiá,GRP (27),GRP,90,27,9.0,27.0
510,Frutal,GRP (27),GRP,90,27,9.0,27.0
590,Guaxupé,GRP (27),GRP,90,27,9.0,27.0
482,Gurinhatã,GRP (27),GRP,90,27,9.0,27.0
539,Igarapé,GRP (27),GRP,90,27,9.0,27.0
502,Itanhandu,GRP (27),GRP,90,27,9.0,27.0
661,Lagoa Santa,GRP (27),GRP,90,27,9.0,27.0
711,Lavras,GRP (27),GRP,90,27,9.0,27.0
147,Paracatu,GRP (27),GRP,90,27,9.0,27.0
94,Poços de Caldas,GRP (27),GRP,90,27,9.0,27.0
602,Prata,GRP (27),GRP,90,27,9.0,27.0
460,Santa Juliana,GRP (27),GRP,90,27,9.0,27.0
341,Santa Vitória,GRP (27),GRP,90,27,9.0,27.0
322,São Joaquim de Bicas,GRP (27),GRP,90,27,9.0,27.0
163,São José da Lapa,GRP (27),GRP,90,27,9.0,27.0
320,Teófilo Otoni,GRP (27),GRP,90,27,9.0,27.0
486,Unaí,GRP (27),GRP,90,27,9.0,27.0
472,União de Minas,GRP (27),GRP,90,27,9.0,27.0
98,Alterosa,Betha (26),Betha,3,26,10.0,26.0
364,Alto Rio Doce,Betha (26),Betha,3,26,10.0,26.0
81,Bandeira do Sul,Betha (26),Betha,3,26,10.0,26.0
607,Botelhos,Betha (26),Betha,3,26,10.0,26.0
158,Campos Gerais,Betha (26),Betha,3,26,10.0,26.0
597,Cataguases,Betha (26),Betha,3,26,10.0,26.0
23,Cláudio,Betha (26),Betha,3,26,10.0,26.0
233,Congonhas,Betha (26),Betha,3,26,10.0,26.0
625,Formiga,Betha (26),Betha,3,26,10.0,26.0
347,Ijaci,Betha (26),Betha,3,26,10.0,26.0
747,Itaguara,Betha (26),Betha,3,26,10.0,26.0
477,Itapeva,Betha (26),Betha,3,26,10.0,26.0
42,Itatiaiuçu,Betha (26),Betha,3,26,10.0,26.0
196,Lagoa da Prata,Betha (26),Betha,3,26,10.0,26.0
588,Luz,Betha (26),Betha,3,26,10.0,26.0
536,Mantena,Betha (26),Betha,3,26,10.0,26.0
222,Mariana,Betha (26),Betha,3,26,10.0,26.0
11,Paraguaçu,Betha (26),Betha,3,26,10.0,26.0
97,Raposos,Betha (26),Betha,3,26,10.0,26.0
3,Rio Casca,Betha (26),Betha,3,26,10.0,26.0
406,Rio Doce,Betha (26),Betha,3,26,10.0,26.0
20,Sacramento,Betha (26),Betha,3,26,10.0,26.0
84,Santo Antônio do Monte,Betha (26),Betha,3,26,10.0,26.0
290,Sarzedo,Betha (26),Betha,3,26,10.0,26.0
427,São José da Barra,Betha (26),Betha,3,26,10.0,26.0
712,São Sebastião do Oeste,Betha (26),Betha,3,26,10.0,26.0
830,Abaeté,ADPM (22),ADPM,28,22,12.0,22.0
635,Arinos,ADPM (22),ADPM,28,22,12.0,22.0
74,Biquinhas,ADPM (22),ADPM,28,22,12.0,22.0
535,Bom Jesus do Amparo,ADPM (22),ADPM,28,22,12.0,22.0
230,Brazópolis,ADPM (22),ADPM,28,22,12.0,22.0
127,Buritis,ADPM (22),ADPM,28,22,12.0,22.0
190,Cedro do Abaeté,ADPM (22),ADPM,28,22,12.0,22.0
28,Consolação,ADPM (22),ADPM,28,22,12.0,22.0
189,Dom Silvério,ADPM (22),ADPM,28,22,12.0,22.0
581,Itapecerica,ADPM (22),ADPM,28,22,12.0,22.0
250,Marmelópolis,ADPM (22),ADPM,28,22,12.0,22.0
257,Nova União,ADPM (22),ADPM,28,22,12.0,22.0
576,Paineiras,ADPM (22),ADPM,28,22,12.0,22.0
610,Pedralva,ADPM (22),ADPM,28,22,12.0,22.0
37,Piranguinho,ADPM (22),ADPM,28,22,12.0,22.0
237,Piranguçu,ADPM (22),ADPM,28,22,12.0,22.0
269,Serro,ADPM (22),ADPM,28,22,12.0,22.0
668,Silvianópolis,ADPM (22),ADPM,28,22,12.0,22.0
503,São João da Mata,ADPM (22),ADPM,28,22,12.0,22.0
314,São Pedro do Suaçuí,ADPM (22),ADPM,28,22,12.0,22.0
277,Taquaraçu de Minas,ADPM (22),ADPM,28,22,12.0,22.0
135,Wenceslau Braz,ADPM (22),ADPM,28,22,12.0,22.0
623,Araxá,Template1 (22),Template1,9,22,11.0,22.0
187,Campo Florido,Template1 (22),Template1,9,22,11.0,22.0
387,Carmo do Paranaíba,Template1 (22),Template1,9,22,11.0,22.0
342,Cascalho Rico,Template1 (22),Template1,9,22,11.0,22.0
184,Centralina,Template1 (22),Template1,9,22,11.0,22.0
388,Conceição das Alagoas,Template1 (22),Template1,9,22,11.0,22.0
435,Cruzeiro da Fortaleza,Template1 (22),Template1,9,22,11.0,22.0
253,Estrela do Sul,Template1 (22),Template1,9,22,11.0,22.0
402,Indianópolis,Template1 (22),Template1,9,22,11.0,22.0
112,Iturama,Template1 (22),Template1,9,22,11.0,22.0
178,Nova Ponte,Template1 (22),Template1,9,22,11.0,22.0
626,Patos de Minas,Template1 (22),Template1,9,22,11.0,22.0
425,Pedrinópolis,Template1 (22),Template1,9,22,11.0,22.0
713,Perdizes,Template1 (22),Template1,9,22,11.0,22.0
532,Pratinha,Template1 (22),Template1,9,22,11.0,22.0
9,Rio Paranaíba,Template1 (22),Template1,9,22,11.0,22.0
790,Serra do Salitre,Template1 (22),Template1,9,22,11.0,22.0
156,São Gotardo,Template1 (22),Template1,9,22,11.0,22.0
489,Tiros,Template1 (22),Template1,9,22,11.0,22.0
211,Tupaciguara,Template1 (22),Template1,9,22,11.0,22.0
746,Veríssimo,Template1 (22),Template1,9,22,11.0,22.0
21,Água Comprida,Template1 (22),Template1,9,22,11.0,22.0
280,Alagoa,ABO (21),ABO,89,21,13.0,21.0
676,Brumadinho,ABO (21),ABO,89,21,13.0,21.0
274,Campos Altos,ABO (21),ABO,89,21,13.0,21.0
519,Confins,ABO (21),ABO,89,21,13.0,21.0
589,Cristais,ABO (21),ABO,89,21,13.0,21.0
375,Divinésia,ABO (21),ABO,89,21,13.0,21.0
255,Guanhães,ABO (21),ABO,89,21,13.0,21.0
89,Itabirito,ABO (21),ABO,89,21,13.0,21.0
766,Jesuânia,ABO (21),ABO,89,21,13.0,21.0
292,Lassance,ABO (21),ABO,89,21,13.0,21.0
613,Muriaé,ABO (21),ABO,89,21,13.0,21.0
167,Olímpio Noronha,ABO (21),ABO,89,21,13.0,21.0
174,Passa Quatro,ABO (21),ABO,89,21,13.0,21.0
795,Pouso Alto,ABO (21),ABO,89,21,13.0,21.0
363,Presidente Bernardes,ABO (21),ABO,89,21,13.0,21.0
702,Resplendor,ABO (21),ABO,89,21,13.0,21.0
628,Serranos,ABO (21),ABO,89,21,13.0,21.0
288,Soledade de Minas,ABO (21),ABO,89,21,13.0,21.0
573,São Sebastião do Rio Verde,ABO (21),ABO,89,21,13.0,21.0
469,Vespasiano,ABO (21),ABO,89,21,13.0,21.0
374,Virgínia,ABO (21),ABO,89,21,13.0,21.0
16,Albertina,Municipal net (11),Municipal net,0,11,14.0,11.0
384,Carmo da Cachoeira,Municipal net (11),Municipal net,0,11,14.0,11.0
0,Conceição do Rio Verde,Municipal net (11),Municipal net,0,11,14.0,11.0
750,Congonhal,Municipal net (11),Municipal net,0,11,14.0,11.0
538,Coqueiral,Municipal net (11),Municipal net,0,11,14.0,11.0
419,Cordislândia,Municipal net (11),Municipal net,0,11,14.0,11.0
457,Elói Mendes,Municipal net (11),Municipal net,0,11,14.0,11.0
459,Espírito Santo do Dourado,Municipal net (11),Municipal net,0,11,14.0,11.0
481,Fama,Municipal net (11),Municipal net,0,11,14.0,11.0
359,São Bento Abade,Municipal net (11),Municipal net,0,11,14.0,11.0
679,São Gonçalo do Sapucaí,Municipal net (11),Municipal net,0,11,14.0,11.0
33,Araporã,Template1 (9),Template1,24,9,15.0,9.0
344,Arapuá,Template1 (9),Template1,24,9,15.0,9.0
505,Belo Horizonte,Template1 (9),Template1,24,9,15.0,9.0
495,Diamantina,Template1 (9),Template1,24,9,15.0,9.0
261,Guimarânia,Template1 (9),Template1,24,9,15.0,9.0
494,Itamonte,Template1 (9),Template1,24,9,15.0,9.0
462,Juruaia,Template1 (9),Template1,24,9,15.0,9.0
466,Pimenta,Template1 (9),Template1,24,9,15.0,9.0
24,Varginha,Template1 (9),Template1,24,9,15.0,9.0
758,Bonfim,ADPM (7),ADPM,309,7,19.0,7.0
411,Minas Novas,ADPM (7),ADPM,309,7,19.0,7.0
555,Quartel Geral,ADPM (7),ADPM,309,7,19.0,7.0
309,Recreio,ADPM (7),ADPM,309,7,19.0,7.0
410,Rio Manso,ADPM (7),ADPM,309,7,19.0,7.0
819,Santos Dumont,ADPM (7),ADPM,309,7,19.0,7.0
703,Urucuia,ADPM (7),ADPM,309,7,19.0,7.0
114,Boa Esperança,Betha (7),Betha,64,7,20.0,7.0
527,Cambuquira,Betha (7),Betha,64,7,20.0,7.0
64,Carmo do Cajuru,Betha (7),Betha,64,7,20.0,7.0
554,Guaranésia,Betha (7),Betha,64,7,20.0,7.0
781,Igaratinga,Betha (7),Betha,64,7,20.0,7.0
583,Planura,Betha (7),Betha,64,7,20.0,7.0
721,Tapiraí,Betha (7),Betha,64,7,20.0,7.0
834,Buritizeiro,E-Cidade (7),E-Cidade,26,7,21.0,7.0
783,Grão Mogol,E-Cidade (7),E-Cidade,26,7,21.0,7.0
499,Ibiracatu,E-Cidade (7),E-Cidade,26,7,21.0,7.0
26,Pirapora,E-Cidade (7),E-Cidade,26,7,21.0,7.0
454,São Francisco,E-Cidade (7),E-Cidade,26,7,21.0,7.0
130,Ubaí,E-Cidade (7),E-Cidade,26,7,21.0,7.0
653,Varzelândia,E-Cidade (7),E-Cidade,26,7,21.0,7.0
206,Carmo do Rio Claro,Fiorilli sociedade civil (7),Fiorilli sociedade civil,206,7,16.0,7.0
670,Itaú de Minas,Fiorilli sociedade civil (7),Fiorilli sociedade civil,206,7,16.0,7.0
378,Lambari,Fiorilli sociedade civil (7),Fiorilli sociedade civil,206,7,16.0,7.0
207,Monte Sião,Fiorilli sociedade civil (7),Fiorilli sociedade civil,206,7,16.0,7.0
270,Passos,Fiorilli sociedade civil (7),Fiorilli sociedade civil,206,7,16.0,7.0
553,Poço Fundo,Fiorilli sociedade civil (7),Fiorilli sociedade civil,206,7,16.0,7.0
764,São Tomé das Letras,Fiorilli sociedade civil (7),Fiorilli sociedade civil,206,7,16.0,7.0
408,Aguanil,Habeas data (7),Habeas data,36,7,17.0,7.0
305,Cana Verde,Habeas data (7),Habeas data,36,7,17.0,7.0
627,Delfim Moreira,Habeas data (7),Habeas data,36,7,17.0,7.0
717,Divino,Habeas data (7),Habeas data,36,7,17.0,7.0
475,Douradoquara,Habeas data (7),Habeas data,36,7,17.0,7.0
326,Guidoval,Habeas data (7),Habeas data,36,7,17.0,7.0
36,Matutina,Habeas data (7),Habeas data,36,7,17.0,7.0
60,Campina Verde,Horusdm (7),Horusdm,60,7,18.0,7.0
815,Comendador Gomes,Horusdm (7),Horusdm,60,7,18.0,7.0
180,Cônego Marinho,Horusdm (7),Horusdm,60,7,18.0,7.0
367,Delfinópolis,Horusdm (7),Horusdm,60,7,18.0,7.0
465,Fronteira,Horusdm (7),Horusdm,60,7,18.0,7.0
446,Itapagipe,Horusdm (7),Horusdm,60,7,18.0,7.0
763,Juvenília,Horusdm (7),Horusdm,60,7,18.0,7.0
742,Guarda-Mor,Memory (6),Memory,103,6,22.0,6.0
103,Itambé do Mato Dentro,Memory (6),Memory,103,6,22.0,6.0
401,João Pinheiro,Memory (6),Memory,103,6,22.0,6.0
210,Lagoa Grande,Memory (6),Memory,103,6,22.0,6.0
730,Riacho dos Machados,Memory (6),Memory,103,6,22.0,6.0
798,São Roque de Minas,Memory (6),Memory,103,6,22.0,6.0
506,Inimutaba,Portaltransp (6),Portaltransp,319,6,23.0,6.0
433,Juatuba,Portaltransp (6),Portaltransp,319,6,23.0,6.0
485,Mateus Leme,Portaltransp (6),Portaltransp,319,6,23.0,6.0
319,Mendes Pimentel,Portaltransp (6),Portaltransp,319,6,23.0,6.0
426,Santana da Vargem,Portaltransp (6),Portaltransp,319,6,23.0,6.0
458,Santo Antônio do Amparo,Portaltransp (6),Portaltransp,319,6,23.0,6.0
348,Bom Despacho,IPM Sistemas (5),IPM Sistemas,348,5,26.0,5.0
692,Campo Belo,IPM Sistemas (5),IPM Sistemas,348,5,26.0,5.0
456,Oliveira,IPM Sistemas (5),IPM Sistemas,348,5,26.0,5.0
678,Pouso Alegre,IPM Sistemas (5),IPM Sistemas,348,5,26.0,5.0
778,Três Pontas,IPM Sistemas (5),IPM Sistemas,348,5,26.0,5.0
15,Conceição das Pedras,Municipio Web (5),Municipio Web,15,5,24.0,5.0
301,Cristiano Otoni,Municipio Web (5),Municipio Web,15,5,24.0,5.0
716,Leme do Prado,Municipio Web (5),Municipio Web,15,5,24.0,5.0
57,Maria da Fé,Municipio Web (5),Municipio Web,15,5,24.0,5.0
311,São José do Alegre,Municipio Web (5),Municipio Web,15,5,24.0,5.0
102,Alpinópolis,Portal Fácil (5),Portal Fácil,72,5,25.0,5.0
72,Durandé,Portal Fácil (5),Portal Fácil,72,5,25.0,5.0
708,Pará de Minas,Portal Fácil (5),Portal Fácil,72,5,25.0,5.0
488,Pratápolis,Portal Fácil (5),Portal Fácil,72,5,25.0,5.0
587,São Sebastião do Anta,Portal Fácil (5),Portal Fácil,72,5,25.0,5.0
13,Conselheiro Lafaiete,Tecnologia Global Sistemas (5),Tecnologia Global Sistemas,13,5,27.0,5.0
614,Ibirité,Tecnologia Global Sistemas (5),Tecnologia Global Sistemas,13,5,27.0,5.0
585,Ribeirão das Neves,Tecnologia Global Sistemas (5),Tecnologia Global Sistemas,13,5,27.0,5.0
629,Sabará,Tecnologia Global Sistemas (5),Tecnologia Global Sistemas,13,5,27.0,5.0
640,Santa Luzia,Tecnologia Global Sistemas (5),Tecnologia Global Sistemas,13,5,27.0,5.0
810,Alto Jequitibá,Template3 (5),Template3,85,5,28.0,5.0
552,Jequitibá,Template3 (5),Template3,85,5,28.0,5.0
515,Luisburgo,Template3 (5),Template3,85,5,28.0,5.0
85,Reduto,Template3 (5),Template3,85,5,28.0,5.0
577,São João do Manhuaçu,Template3 (5),Template3,85,5,28.0,5.0
669,Abadia dos Dourados,Dardani Sistemas (4),Dardani Sistemas,662,4,30.0,4.0
698,Coromandel,Dardani Sistemas (4),Dardani Sistemas,662,4,30.0,4.0
662,Monte Carmelo,Dardani Sistemas (4),Dardani Sistemas,662,4,30.0,4.0
827,Patrocínio,Dardani Sistemas (4),Dardani Sistemas,662,4,30.0,4.0
621,Caeté,GOVBR (4),GOVBR,188,4,29.0,4.0
188,Itabira,GOVBR (4),GOVBR,188,4,29.0,4.0
209,Montes Claros,GOVBR (4),GOVBR,188,4,29.0,4.0
604,Santa Bárbara,GOVBR (4),GOVBR,188,4,29.0,4.0
201,Arcos,,,125,4,,
249,Capim Branco,,,125,4,,
450,Dores do Turvo,,,128,4,,
484,Governador Valadares,,,35,4,,
785,Leopoldina,,,35,4,,
697,Malacacheta,,,128,4,,
765,Oliveira Fortes,,,128,4,,
559,Paraopeba,,,169,4,,
128,Passabém,,,128,4,,
791,Pocrane,,,125,4,,
35,Ponte Nova,,,35,4,,
298,Rio Pomba,,,35,4,,
169,Santana do Paraíso,,,169,4,,
125,São Gonçalo do Abaeté,,,125,4,,
276,São Gonçalo do Rio Abaixo,,,169,4,,
566,Tarumirim,,,169,4,,
749,Conselheiro Pena,,,45,3,,
27,Coronel Murta,,,27,3,,
591,Franciscópolis,,,27,3,,
45,Jequeri,,,45,3,,
385,Matias Barbosa,,,45,3,,
160,Piedade de Ponte Nova,,,55,3,,
55,Piedade dos Gerais,,,55,3,,
741,Santa Maria do Suaçuí,,,27,3,,
479,Sem-Peixe,,,55,3,,
227,Barbacena,,,227,2,,
601,Barão de Monte Alto,,,106,2,,
99,Braúnas,,,99,2,,
835,Formoso,,,203,2,,
335,Iapu,,,43,2,,
355,Inhaúma,,,334,2,,
106,Itamarati de Minas,,,106,2,,
476,Ouro Branco,,,227,2,,
619,Porto Firme,,,99,2,,
334,Santa Helena de Minas,,,334,2,,
43,Timóteo,,,43,2,,
203,Ubá,,,203,2,,
770,Alfenas,,,770,1,,
195,Alpercata,,,195,1,,
570,Alto Caparaó,,,570,1,,
92,Além Paraíba,,,92,1,,
295,Areado,,,295,1,,
512,Açucena,,,512,1,,
415,Baependi,,,415,1,,
436,Baldim,,,436,1,,
49,Bambuí,,,49,1,,
651,Betim,,,651,1,,
683,Botumirim,,,683,1,,
537,Bueno Brandão,,,537,1,,
400,Cabeceira Grande,,,400,1,,
139,Camacho,,,139,1,,
528,Camanducaia,,,528,1,,
648,Campanha,,,648,1,,
654,Campanário,,,654,1,,
390,Campo Azul,,,390,1,,
616,Campo do Meio,,,616,1,,
285,Candeias,,,285,1,,
620,Capitão Andrade,,,620,1,,
603,Capitólio,,,603,1,,
115,Carangola,,,115,1,,
386,Caratinga,,,386,1,,
241,Carmo da Mata,,,241,1,,
636,Carmésia,,,636,1,,
724,Carmópolis de Minas,,,724,1,,
564,Carvalhos,,,564,1,,
121,Catas Altas,,,121,1,,
134,Catuji,,,134,1,,
254,Comercinho,,,254,1,,
574,Conceição do Pará,,,574,1,,
772,Contagem,,,772,1,,
828,Crisólita,,,828,1,,
87,Crucilândia,,,87,1,,
641,Curvelo,,,641,1,,
29,Delta,,,29,1,,
325,Divinolândia de Minas,,,325,1,,
684,Divisa Nova,,,684,1,,
714,Entre Folhas,,,714,1,,
829,Esmeraldas,,,829,1,,
686,Eugenópolis,,,686,1,,
771,Felixlândia,,,771,1,,
748,Ferros,,,748,1,,
496,Florestal,,,496,1,,
327,Francisco Dumont,,,327,1,,
517,Frei Inocêncio,,,517,1,,
40,Goiabeira,,,40,1,,
649,Goianá,,,649,1,,
197,Gonçalves,,,197,1,,
807,Ibitiúra de Minas,,,807,1,,
105,Icaraí de Minas,,,105,1,,
424,Ilicínea,,,424,1,,
131,Inconfidentes,,,131,1,,
416,Ipatinga,,,416,1,,
19,Ipiaçu,,,19,1,,
318,Itajubá,,,318,1,,
162,Itamogi,,,162,1,,
71,Itanhomi,,,71,1,,
754,Itaúna,,,754,1,,
200,Itueta,,,200,1,,
273,Ituiutaba,,,273,1,,
541,Japaraíba,,,541,1,,
345,Japonvar,,,345,1,,
63,Juiz de Fora,,,63,1,,
175,Lagoa dos Patos,,,175,1,,
518,Leandro Ferreira,,,518,1,,
470,Limeira do Oeste,,,470,1,,
356,Luislândia,,,356,1,,
504,Mar de Espanha,,,504,1,,
32,Mathias Lobato,,,32,1,,
492,Monsenhor Paulo,,,492,1,,
69,Monte Belo,,,69,1,,
832,Monte Santo de Minas,,,832,1,,
146,Muzambinho,,,146,1,,
409,Natalândia,,,409,1,,
70,Nepomuceno,,,70,1,,
439,Nova Belém,,,439,1,,
547,Nova Era,,,547,1,,
165,Nova Lima,,,165,1,,
296,Nova Módica,,,296,1,,
391,Olhos-d'Água,,,391,1,,
739,Ouro Preto,,,739,1,,
260,Paulistas,,,260,1,,
769,Pedras de Maria da Cruz,,,769,1,,
366,Pedro Leopoldo,,,366,1,,
677,Pequi,,,677,1,,
501,Pirajuba,,,501,1,,
109,Pirapetinga,,,109,1,,
59,Rio Vermelho,,,59,1,,
110,Rodeiro,,,110,1,,
740,Rosário da Limeira,,,740,1,,
118,Santa Bárbara do Monte Verde,,,118,1,,
734,Santa Cruz do Escalvado,,,734,1,,
631,Santa Fé de Minas,,,631,1,,
397,Santa Rita de Jacutinga,,,397,1,,
440,Santana do Deserto,,,440,1,,
634,Santo Antônio do Aventureiro,,,634,1,,
788,Santo Antônio do Itambé,,,788,1,,
563,Senador Amaral,,,563,1,,
177,Serra da Saudade,,,177,1,,
283,Serra dos Aimorés,,,283,1,,
608,Serrania,,,608,1,,
493,Sobrália,,,493,1,,
297,São Francisco de Paula,,,297,1,,
343,São Francisco de Sales,,,343,1,,
586,São José do Jacuri,,,586,1,,
551,São João Batista do Glória,,,551,1,,
513,São Pedro da União,,,513,1,,
707,São Sebastião da Vargem Alegre,,,707,1,,
321,São Sebastião do Paraíso,,,321,1,,
66,São Sebastião do Rio Preto,,,66,1,,
30,Tocantins,,,30,1,,
437,Tombos,,,437,1,,
514,Uberaba,,,514,1,,
403,Uberlândia,,,403,1,,
47,Varjão de Minas,,,47,1,,
141,Vazante,,,141,1,,
809,Verdelândia,,,809,1,,
238,Virginópolis,,,238,1,,
